Lobed,No Teeth,Regular teeth,Close teeth,Round teeth,Acute teeth,Compound teeth,Nanophyll,Leptophyll 1,Leptophyll 2,Microphyll 1,Microphyll 2,Microphyll 3,Mesophyll 1,Mesophyll 2,Mesophyll 3,Emarginate apex,Round apex,Acute apex,Attenuate apex,Cordate base,Round base,Acute base,L:W <1:1,L:W 1-2:1,L:W 2-3:1,L:W 3-4:1,L:W >4:1,Obovate,Elliptic,Ovate,RH,GSP,SH,MAT,ENTHAL
11.111,19.444,63.889,55.556,25,55.556,38.889,0,0,5.083,16.389,22.917,23.611,19,6.778,5.861,2.778,20.361,32.861,46.75,23.139,39.806,37.028,11.111,49.056,33.306,5.528,0.917,7.861,63.417,28.694,74,68,5.7,6.3,29.4
5.405,66.216,8.108,8.784,28.378,5.405,4.054,8.973,7.595,12.838,17.784,21.405,18.946,7.946,2.459,1.568,35.135,59.459,8.108,32.432,28.378,47.297,24.324,2.703,46.595,32.162,13.243,5.162,22.919,37.784,39.135,54,77,10.1,23.5,32.2
14.063,28.125,64.063,57.813,9.375,62.5,35.938,0,0,2.063,22.313,42.063,22.813,5.688,3.125,1.563,0,12.5,45.313,42.188,25,48.438,26.563,14.063,42.188,35.406,7.281,1.031,7.813,67.188,25,72,229,7.8,12.0,30.5
4.878,64.634,14.634,8.537,26.829,8.537,2.439,0,0,0.805,18.878,39.561,24.512,11.512,3.634,0.805,9.756,32.098,15.024,52.829,3.659,48.78,47.561,0,25.61,46.707,21.098,6.463,17.073,62.195,20.732,75,429,9.6,19.2,31.6
13.725,24.51,66.667,53.431,28.431,45.098,31.373,0,0.49,3.098,12.549,27.941,24.176,16,6.882,8.529,5.882,20.255,26.137,53.588,30.392,47.059,22.549,9.804,71.569,17.647,0.98,0,5.882,55.882,38.235,71,85,6.1,10.9,29.9
5.714,44.286,32.857,21.429,30,25.714,15.714,0,1.429,3.314,11.857,36.6,31.371,11.4,2.371,1.429,5.714,24.286,28.571,47.143,8.571,54.286,37.143,1.429,31.4,37.086,21.371,8.543,8.571,65.714,25.714,75,348,8.4,15.4,31
25,21.875,64.063,59.375,25,53.125,34.375,0,0.781,4.656,18.906,34.469,26.938,11.125,2.594,0,6.25,28.125,54.688,17.188,23.438,56.25,20.313,7.813,69.781,21.344,1.031,0,18.719,49.969,31.219,70,60,5.9,11.2,30.1
13.793,48.276,28.448,23.276,36.207,15.517,5.172,1.138,2.862,12.586,28.931,30.621,15.138,7.138,1.138,0,34.483,76.414,12.621,10.897,17.241,74.138,8.621,10.345,56.034,22.69,7.172,3.724,23.483,44.172,32.103,45,41,5.2,15.7,30.4
4.839,72.581,16.129,12.903,12.903,14.516,1.613,1.613,5.355,8.548,26.226,31.323,16.29,8.29,1.871,0,41.935,54.806,25.774,19.323,4.839,22.581,72.581,0,44,30.516,16,9.097,36,45.677,18.258,72,134,12.2,22.4,32.9
5.769,69.231,5.769,2.885,26.923,3.846,0,0,0,6.346,26.154,35.077,17.808,7.615,2.538,3.846,42.308,80.115,12.808,7.038,7.692,44.231,48.077,0,48.692,41,8.308,1.923,17.308,53.846,28.846,71,101,13.1,23.0,33.1
10,40,40,35,36,24,26,1,4.32,9.96,11.96,34.24,24.6,9.6,3,1,8,44.64,34.64,20.64,22,54,24,8,50.32,27.64,9.64,4.32,14,50,36,88,38,7,11.0,30.4
0,80,10,12.5,10,10,5,30,20,24.15,18.3,5.8,1.65,0,0,0,35,90.8,5.8,3.3,10,52.5,37.5,0,53.75,24.55,12.05,9.55,30.8,35.8,33.3,40,35,5.3,21.4,31
19.643,28.571,57.143,48.214,32.143,39.286,21.429,0,0,4.429,18.643,32.25,25.714,14.179,4.143,0,3.571,22,52.357,25.571,16.071,58.929,25,12.5,44.643,38.679,2.964,1.179,10.714,60.714,28.571,75,68,7,13.1,30.6
14.706,48.529,33.824,29.412,40.441,11.029,10.294,0,0,4.853,15.824,31.206,25.853,13.647,5.618,2.441,32.353,52.412,20.059,27.412,23.529,23.529,52.941,4.412,42.382,40.912,10.029,2.206,33.324,43.618,23.029,69,127,9.1,19.0,31.7
26.087,36.957,47.826,38.043,36.957,26.087,21.739,0,3.609,17.652,31.391,26.304,11.174,6.478,1.435,1.435,21.739,71,23.174,5.783,17.391,69.565,13.043,6.522,53.609,31.13,2.87,5.783,18.783,44.87,36.174,32,19,3.1,10.3,29.3
0,82.927,7.317,6.098,14.634,2.439,3.659,1.19,5.143,20.143,28.833,25.476,13.643,1.381,1.381,0,70.732,85.366,9.756,4.878,9.756,64.634,25.61,3.659,62.195,29.268,2.439,2.439,25.561,43.854,30.439,70,82,14.4,25.5,33.7
19.355,40.323,37.097,32.258,27.419,32.258,20.968,0,3.194,21.387,34,26.226,9.097,3.742,1.871,0,29.032,69.871,23.097,6.968,20.419,54.29,25.258,11.29,52.677,22.548,9.645,3.742,30.548,41.839,27.323,29,21,2.7,9.5,29.2
8.824,63.235,21.324,18.382,23.529,13.235,2.941,1.559,4.235,9.088,23.971,32.765,17.765,8.029,0.971,0.971,32.353,48.971,26.912,23.971,11.765,23.529,64.706,2.941,37.676,38.147,19.029,1.941,32.324,49.971,17.618,70,134,9.8,19.6,32
0,80.769,10.256,6.41,17.949,1.282,2.564,0,5.949,14.308,24.769,29.923,15.026,7.128,1.282,1.282,53.846,73.077,17.949,8.974,7.692,33.333,58.974,1.282,48.282,38.026,8.538,3.846,31.615,49.564,18.795,83,181,14.7,22.0,33.4
0,87.097,6.452,6.452,12.903,0,1.613,4.548,10.161,13.355,24.613,26.516,14.452,3.742,1.065,1.065,54.839,84.935,10.742,4.29,19.355,40.323,40.323,3.226,60.484,26.065,5.097,5.097,30.065,41.355,28.452,70,73,15.3,26.8,34.1
6.41,82.051,7.051,7.692,14.744,3.205,5.128,22.897,23.923,21.564,19.256,7.974,3.41,0.641,0,0,51.282,79.051,16.231,4.692,15.385,38.462,46.154,3.846,43.564,32.436,11.923,8.103,36.282,41.41,22.179,55,26,10.3,24.4,32.9
0,86.486,9.459,4.054,12.162,1.351,2.703,2.459,4.486,7.405,16.243,28.108,23.162,11.73,2.568,3.378,37.838,54.486,12.595,32.865,4.054,51.351,44.595,0,43.243,45.486,6.297,4.946,21.595,51.324,27,79,154,15.9,25.5,34.1
11.111,51.852,17.593,19.444,37.037,11.111,5.556,4.63,2.148,18.444,31.704,28.63,11.407,1.852,0.926,0,33.333,58.63,34.556,6.778,14.815,62.963,22.222,3.704,50,24.667,8,13.556,18.407,40.63,40.63,50,29,5.8,16.4,30.6
11.29,58.065,20.161,20.161,33.065,8.871,8.065,9.129,10.742,18.484,26.548,24.387,6.161,2.677,1.613,0,19.355,57.516,34.935,7.516,20.968,56.452,22.581,6.452,42.968,26.806,15.516,8.032,18.774,31.677,49.419,44,34,6.2,14.1,30.5
1.667,78.333,6.667,10,18.333,3.333,0,40.533,28.8,16,8.8,5.533,0,0,0,0,23.333,76.667,23.333,0,11.667,46.667,41.667,0,46.367,27.967,16.3,9.1,23.333,50,26.667,41,35,5.6,21.9,31.1
17.308,38.462,38.462,37.5,36.538,25,28.846,0,3.808,7.615,19.231,28.923,23.192,14.269,1.538,0.769,7.692,37.808,51.269,10.885,23.077,48.077,28.846,10.885,46.115,36.5,4.462,1.923,19.192,42.269,38.423,93,41,7.2,10.2,30.3
1.786,73.214,9.821,14.286,24.107,2.679,1.786,25.857,26.429,17.786,16.036,9.214,2.679,1.786,0,0,28.571,76.179,19.036,4.75,8.321,40.464,51.179,1.786,42.25,28.464,15.964,11.214,34.5,27.357,38.071,34,40,4.8,20.9,30.9
25.926,16.667,57.407,57.407,51.852,31.481,27.778,0,10.111,22.407,35.667,22.778,5.852,2.778,0,0,0,50,50,0,25.926,48.148,25.926,20.37,40.407,21.259,10.148,7.704,13.556,43.185,43.185,40,23.8,3.5,7.2,29.2
6.25,62.5,18.75,18.75,27.083,10.417,6.25,27.042,12.458,19.375,18.375,10.042,5.875,3.792,2.75,0,16.667,76.375,18.042,5.542,11.792,53.458,34.708,8.333,47.208,32.625,7.625,4.167,35.375,39.542,24.958,39,33,5.3,17.9,30.7
17.442,13.953,83.721,66.279,22.093,63.953,53.488,0,0,1.535,7.907,29.558,31.698,16.977,5.209,6.767,0,14.721,36.814,48.442,37.209,46.512,16.279,11.628,73.256,13.953,1.163,0,2.326,70.93,26.744,70,134,5.6,6.6,29.4
27.778,25,58.333,55.556,38.889,36.111,47.222,0,0,4.611,18.167,24.611,21.833,15.389,10.333,4.611,0,35.111,35.111,29.556,30.556,44.444,25,25,47.222,22.222,5.556,0,11.056,49.944,38.833,96,34,6.6,8.6,30
21.053,15.789,55.263,44.737,50,34.211,39.474,0,3.474,12.526,22.474,19.158,20.895,11.737,7.368,1.789,5.263,35.053,42.947,21.895,31.579,50,18.421,10.526,47.368,35.947,4.368,1.737,11.368,45.579,42.947,85,74,6.3,9.8,30
18.519,44.444,24.074,22.222,35.185,20.37,5.556,1.222,2.444,7.37,22.741,30.222,22.185,9.296,3.185,0.741,33.333,63.556,32.074,4.296,21.593,53.074,25.296,14.815,39.481,28.333,11.667,5.519,16.593,48.074,35.111,35,29,4.1,14.9,30.1
8,44,32,27,36,20,14,0,4.64,16.56,28.56,34.04,10.12,4.12,0.8,0.8,20,57.32,35.32,7.32,8,64,28,4,54,27.32,7.32,7.32,22.52,34.52,42.52,28,31,3.3,12.1,29.7
11.667,13.333,70,70,30,56.667,51.667,0,1.1,8,20.2,34.633,25.767,7.733,2.2,0,6.667,20,65,15,36.667,58.333,5,11.667,73.333,12.767,1.1,1.1,5,45,50,53,45,3.3,6.5,29
12.162,45.946,32.432,21.622,39.189,14.865,14.865,0,0.676,6.486,15.324,29.378,26.486,16.162,3.865,1.081,10.811,38.73,25.216,36.027,12.162,48.649,39.189,4.054,50,36.459,6.73,2.676,14.865,66.216,18.919,65,93,7.8,15.5,30.9
0,76.923,9.615,14.423,17.308,5.769,5.769,23.654,23.923,25.808,15.615,8.615,1.923,0,0,0,42.308,69.846,23.692,6.385,9.615,42.308,48.077,0,35.577,33.538,18.154,12.385,32.038,39.731,28.192,68,18,11.9,23.3,32.5
23.214,33.929,55.357,39.286,25,41.071,21.429,0,0,5.357,14.214,27.821,30.786,18.357,2.964,0,0,48.214,39.286,12.5,23.214,44.643,32.143,12.5,57.143,30.357,0,0,15.464,63.679,20.821,70,62,6.3,11.7,30.3
10,25,48.75,46.25,38.75,36.25,30,0,0,10.55,18.85,27.9,20.85,11.3,7,3.25,5,44.9,24.9,29.9,20,50,30,5,51.2,31.2,11.2,1.25,24.1,44.1,31.6,85,57,6.4,10.1,30.2
1.282,71.795,14.103,7.692,19.231,8.974,3.846,0.641,2.128,3.41,10.205,19.436,26.256,21.154,9.667,6.692,28.205,50.846,14.949,34.179,4.692,40.59,54.692,0,38.436,46.974,9.795,4.692,25.59,44.821,29.436,82,190,15.6,24.8,33.9
3.03,83.333,6.061,9.091,9.091,7.576,6.061,1.031,5.688,17.594,30.781,24.563,14.219,3.375,1.031,1.031,78.788,89.394,9.091,1.515,8.576,58.576,32.818,1.515,58.333,31.061,5.303,3.788,31.818,45.455,22.727,66,66,14.4,26.8,33.9
16,38,36,38,36,26,32,0,4.64,12.56,24.84,31.16,16.56,7.28,2.32,0,28,72,20,8,20,52,28,4,48,29.32,11.32,7.32,12,46,42,88,64,7.8,12.6,30.7
12.5,18.75,60.417,56.25,31.25,50,29.167,0,0,0,4.833,29.75,33.208,22.125,5.542,4.167,0,18.75,25,56.25,27.75,46.5,25.667,8.333,63.875,22.208,1.375,4.167,8.333,60.417,31.25,74,61,5.3,4.9,29.1
13.636,27.273,47.727,51.136,38.636,34.091,20.455,0,3.773,12.091,27.591,37.455,17.773,1.136,0,0,9.091,59.818,25.727,14.364,11.364,68.182,20.455,11.364,53,21.909,6,7.545,18.091,38.545,43.091,44,31,3.9,10.2,29.5
11.765,36.765,44.118,32.353,33.824,29.412,19.118,1.471,4.412,8.294,23.971,42.088,11.735,5.853,0.971,0.971,11.765,34.794,37.735,27.441,13.235,51.471,35.294,5.882,49,34.294,10.765,0,5.882,75,19.118,72,131,8.4,11.3,30.6
25.862,17.241,53.448,54.31,43.103,39.655,36.207,0,0,7.69,19.172,34.621,24.345,13.724,0,0,13.793,51.724,36.207,12.069,29.31,48.276,22.414,12.069,70.103,11.483,4.586,1.724,8.034,52.862,39.069,65,12,5.9,10.3,30.1
10.938,43.75,27.344,28.906,45.313,10.938,15.625,3.125,1.813,14.25,26.469,32.688,14.781,6.469,0,0,28.125,73.438,21.875,4.688,15.625,54.688,29.688,6.25,61.188,16.375,10.125,5.969,20.25,48.375,31.188,67,35,6.8,14.7,30.7
13.462,46.154,26.923,26.923,38.462,15.385,9.615,10.885,14.731,17.269,26.231,20.462,10.231,0,0,0,26.923,73.077,23.077,3.846,18.577,47.423,33.962,1.923,55.115,24.346,12.808,5.769,24.308,37.769,37.769,26,30,3.4,15.3,29.9
14.815,31.481,42.593,49.074,31.481,37.037,20.37,1.222,4.593,10.111,23.667,32.926,18.148,7.074,0.926,0.926,11.111,49.37,34.556,16.037,14.185,60.481,25.296,9.259,52.444,25.889,9.222,3.074,19.037,37.556,43.111,46,34,4.2,13.1,29.9
8.333,46.667,38.333,23.333,23.333,30,8.333,0,3.433,3.433,21.2,37.133,21.567,6.467,2.6,4,13.333,39.433,29.433,31.1,15,66.667,18.333,6.667,46.633,33.3,11.633,1.667,0,78.333,21.667,72,137,8.3,12.3,30.6
16.667,27.381,60.119,47.619,23.81,46.429,26.19,0.595,1.786,7.714,24.929,40,16.214,5.548,0.595,2.381,0,20.238,33.333,46.429,26.19,55.952,17.857,11.905,46.429,30.548,9.119,1.976,3.571,77.381,19.048,72,132,8,11.8,30.5
0,87.5,5,3.75,7.5,5,0,0,0,0,11.6,25.075,31.1,20.325,4.975,6.45,35,63.75,13.75,22.5,7.5,36.25,56.25,0,28.95,58.95,8.95,3.125,19.15,61.65,19.15,75,251,14.8,25.2,33.8
21.277,23.404,65.957,47.872,21.277,55.319,36.17,0,1.234,4.766,18.213,29.191,24.936,11.128,6.894,3.362,2.128,18.085,29.787,52.128,35.809,50.702,13.468,12.766,54.255,29.426,2.83,0.702,1.064,63.83,35.106,73,116,6.2,12.3,30.3
8.889,22.222,60,50.556,25.556,50,28.889,0.556,1.289,6.422,19.333,29.933,26.089,10.956,1.733,3.222,4.444,25.178,34.067,40.733,16.667,54.444,28.889,5.556,53.333,32.956,4.067,4.067,5.556,70,24.444,73,115,6.2,11.9,30.1
0,50,29.762,28.571,38.095,11.905,16.667,1.19,7.095,21.286,35.524,27.238,7.095,0,0,0,33.333,65.857,27.762,6.333,21.429,57.143,21.429,4.762,58.714,31.714,3.143,1.571,9.429,35.619,54.667,52,37,4.1,12.8,29.8
7.813,46.875,42.188,34.375,25,28.125,15.625,0,2.594,8.813,20.25,34,21.531,10.094,2.344,0,6.25,28.125,29.688,42.188,6.452,58.065,35.484,4.156,38.531,45.813,7.281,4.156,10.938,51.563,37.5,74,145,7.5,13.8,30.8
13.953,18.605,63.953,60.465,22.093,59.302,44.186,0,0,1.535,5.977,30.14,29.93,17.535,9.651,4.837,2.326,17,27.465,55.372,40.698,38.372,20.93,18.209,62.395,15.488,0.767,3.093,5.814,47.674,46.512,76,53,7,4.6,29.5
8.929,53.571,25,21.429,35.714,10.714,3.571,0,0,7.679,25.5,37.964,21.357,7.107,0,0,35.714,51.143,36.857,11.857,8.929,26.786,64.286,3.571,37.464,44.607,14.25,0,26.75,57.107,16.036,66,110,8.3,16.7,31.4
12.5,51.786,23.214,12.5,40.179,8.036,3.571,0,1.786,8.714,23.214,28.643,23.321,12.393,0.714,0.714,21.429,51.179,22.607,26.179,11.893,40.464,47.607,3.571,38.964,35.964,14.536,6.821,28.571,46.429,25,73,141,11.2,21.0,32.5
22.917,10.417,70.833,67.708,25,64.583,58.333,0,6.917,10.375,24.542,29.417,20.375,5.167,2.75,0,0,18.042,45.125,36.792,40.25,34,25.667,15.909,58.318,21.182,3,1.5,13.833,51.333,34.667,65,41,3.7,4.3,28.9
17.742,40.323,46.774,44.355,26.613,33.065,25.806,4.29,9.065,20.032,28.355,23.032,10.452,2.677,0.806,0.806,22.581,66.129,27.419,6.452,16.129,62.903,20.968,16.129,48.903,25.774,4.806,4.29,24.677,45.645,29.516,40,13.5,3.4,8.7,29.3
19.565,52.174,19.565,18.478,26.087,21.739,4.348,4.348,0,15.174,30.348,24.696,13.87,5.217,3.043,3.043,17.391,56.522,39.13,4.348,17.391,56.522,26.087,10.87,51.435,13,8.652,15.913,13.696,48.478,37.609,53,17,5.5,14.0,30.3
14.583,29.167,35.417,43.75,43.75,27.083,14.583,0,8.292,13.792,34.583,29.042,11.042,2.75,0,0,20.833,59.708,32.625,7.625,9.708,61.792,28.458,6.25,47.167,33.958,6.875,5.542,20.75,43.667,35.333,35,30,3.4,9.0,29.3
0,80.357,3.571,1.786,16.071,3.571,1.786,11.759,18.31,17.724,21.483,14.172,8.724,5.276,1.552,0.69,51.724,84.483,12.069,3.448,15.517,46.552,37.931,2.862,59.759,17.759,8,11.448,25.793,43.034,30.966,55,46,9.4,21.8,32.4
1.429,81.429,8.571,4.286,18.571,0,0,0,0,4.743,17.171,28.657,25.571,13.229,5.171,5.086,48.571,72.829,8.543,18.543,4.286,60,35.714,0,59.514,30.457,7.6,2.371,25.171,43.743,30.886,78,231,14,21.7,33.2
4.762,59.524,16.667,19.048,33.333,7.143,2.381,11.905,11.905,21.571,31.095,16,4.905,2.524,0,0,28.571,65.048,29.333,5.524,11.905,61.905,26.19,7.143,53.143,17.429,10.286,11.905,17.429,48.381,34.095,46,31,5,17.5,30.5
1.515,74.242,4.545,4.545,25.758,0,3.03,16.879,8.121,16.576,18.091,17.333,12.576,4.939,2.939,1.939,36.364,58.061,21.697,20.182,13.636,42.424,43.939,3.03,41.152,32,10.788,12.818,25.242,41.909,32.818,50,70,10.5,25.8,32.5
3.03,74.242,4.545,6.061,23.485,2.273,0,12.091,13.303,23.091,24.606,16.576,7.545,0.758,0.758,0.758,36.364,63.636,15.152,21.212,15.152,42.424,42.424,1.515,39.879,42.848,9.515,6,28.242,35.818,35.818,50,70,10.4,25.8,32.5
1.515,75.758,10.606,4.545,24.242,0,1.515,0,1.515,4.788,17.697,28.455,25.152,12.333,6.576,2.97,24.242,58.576,11.606,29.788,12.121,46.97,40.909,4.545,53.515,33.303,7.545,1,14.091,47.424,38.333,86,223,13.5,19.0,32.8
0,68.966,18.966,12.069,25.862,5.172,3.448,0,0,1.724,7.172,15.172,19.172,23.172,17.759,15.483,20.69,63.793,18.966,17.241,10.345,17.241,72.414,0,31.586,37.897,20.655,9.759,21.828,51.138,27,80,174,12.1,21.0,32.6
20.37,16.667,72.222,62.037,24.074,59.259,40.741,0,2.444,9.852,32.667,31.111,14.444,8.296,0.926,0,0,24.074,46.296,29.63,27.778,55.556,16.667,16.667,50,19.741,10.481,3.074,5.519,51.815,42.556,74,51,5,7.2,29.5
10.526,23.684,56.579,35.526,34.211,42.105,21.053,0,2.395,4.447,12.079,29.474,28.158,13.5,4.895,4.684,7.895,14.026,29.816,56.132,22.368,48.684,28.947,5.263,64.474,28.5,0.868,0.868,6.132,54.816,39.026,71,87,6.4,11.5,30.1
2.885,54.808,16.346,9.615,31.731,13.462,8.654,0,0.635,1.596,12.635,31.173,31.173,19.654,1.923,0.962,19.231,42.615,9.923,47.423,8.654,50.962,40.385,0,25.635,54.154,15.692,4.481,10.577,69.231,20.192,75,429,9.6,19.2,31.6
10,15.714,61.429,55,34.286,50,38.571,0,0,2.829,6.143,22.086,30.171,22.571,10.2,5.714,2.857,18.086,32.371,49.514,28.571,45.714,25.714,14.286,56.171,24.743,1.886,2.857,7.6,43.314,49.029,75,68,6.2,6.8,29.6
0,78.571,15.179,8.929,17.857,3.571,1.786,0,0,0.589,8.143,20.946,21.375,23.179,14.75,10.607,23.214,60.714,15.179,24.107,13.393,39.286,47.321,0,32.732,52.071,11.893,3.268,13.089,54.161,32.732,74,290,15,25.6,33.9
8.929,55.357,25,30.357,29.464,15.179,16.071,4.464,2.071,12.429,27.286,35.321,12.143,3.536,2.357,0,17.857,52.964,35.107,11.893,17.25,56.536,26.179,10.714,48.786,24.964,10.679,4.75,15.964,32.036,51.679,35,34,4.2,14.5,30
0,44.231,38.462,21.154,19.231,36.538,11.538,1.923,4.808,4.808,8,41.308,26.231,7.654,3.192,1.923,3.846,33.962,22.423,43.577,0,63.462,36.538,0,30.115,62.808,7.038,0,3.846,84.615,11.538,72,245,8.3,13.5,30.8
14.286,35.714,54.762,47.619,14.286,50,27.381,0.595,1.786,7.905,17.81,29.262,30.476,9.262,1.738,0.952,2.381,17.833,27.357,54.738,22.619,60.714,16.667,8.333,46.024,36.5,9.119,0,2.381,63.095,34.524,72,245,8.3,13.5,30.8
26.19,21.429,45.238,38.095,45.238,33.333,33.333,0,0,7.524,19,26.857,20.524,15.381,3.952,6.333,4.762,37.19,37.19,25.286,30.952,50,19.048,21.429,46,23.762,7.095,1.571,11.905,50,38.095,85,66,7.3,10.4,30.2
13.636,56.061,25.758,19.697,30.303,13.636,15.152,1,2.758,3.758,14.091,32.788,21.424,16.394,5.636,1.606,6.061,42.909,17.152,39.879,18.182,59.091,22.727,6.061,44.939,38.848,7.03,3,11.091,68.667,20.182,65,105,9.5,16.8,31.4
16.667,18.182,68.182,59.091,31.818,50,28.788,0,0,2.273,13.606,25.515,25.242,16.424,8.152,8.424,6.061,21.697,33.818,44.424,32.303,39.879,27.758,15.152,58.576,23.727,2.515,0,4.03,70.697,25.242,74,97,6.6,10.3,30
14.583,37.5,40.625,37.5,39.583,20.833,27.083,0,0,10.708,19.667,24.458,23.458,13.458,4.5,3.125,4.167,54.792,31.875,13.125,25,47.917,27.083,12.5,42.333,31.208,12.458,1.375,20.792,47.875,31.208,82,44,6.7,11.5,30.3
20.69,8.621,77.586,68.966,25.862,65.517,48.276,0,0.862,2,2,17.483,39.897,24.931,7.724,4.862,0,12.069,46.552,41.379,45.966,37.345,16.655,24.138,51.724,18.379,1.138,4.586,2.862,49.414,47.69,76,78,6,3.9,29.2
4.545,62.121,9.091,12.121,33.333,4.545,6.061,15.636,7.879,11.879,19.667,23.697,15.909,4.758,0,0,27.273,45.939,26.242,27.758,25.758,53.03,21.212,3.03,49.727,28,11.333,7.818,26.242,26.242,47.455,50,71,9.8,24.0,32.2
6.452,67.742,16.129,16.935,28.226,4.032,3.226,2.419,5.097,14.194,16.871,32.419,21.71,6.129,0.806,0,38.71,55.355,29.548,15.032,14.516,27.419,58.065,3.226,34.097,38.387,20.645,3.484,33.29,44.581,22,70,122,11.7,22.2,32.7
10.938,53.125,23.438,19.531,32.813,14.063,14.063,0,1.656,9.688,28.125,32.375,18.344,7.094,1.656,0.625,12.5,46.813,21.813,31.188,18.75,56.25,25,6.25,39.844,38.75,9.063,5.938,14.063,53.125,32.813,65,105,10,16.6,31.4
21.429,22.857,57.143,56.429,35.714,41.429,42.857,0,1.429,11.114,17.743,32.229,24.686,11.629,0.714,0,11.429,52.829,35.686,11.4,34.286,48.571,17.143,15.714,60.943,16.171,4.743,2.371,15.686,32.829,51.4,65,10.4,5.6,8.5,29.8
5.556,46.296,24.074,25.926,42.593,11.111,14.815,7.074,6.741,21.481,27.963,23.481,9.667,1.667,0.741,0.741,22.222,63.556,26.519,9.852,19.741,54.926,25.296,5.556,50.259,26.148,9.481,8.296,23.407,40.074,36.37,42,30,4.8,13.1,30.1
14.583,25,37.5,38.542,56.25,18.75,14.583,0,1.375,8.625,25.583,33.167,20,9.292,1.375,0,12.5,72.208,24.292,3.458,10.417,70.833,18.75,2.083,57.625,23.583,9,7.625,23.583,46.5,29.833,57,22,5.7,13.9,30.3
13.333,38.333,42.5,34.167,38.333,23.333,28.333,0.833,1.933,8.533,16.7,31.867,19.433,14.433,3.667,2.167,13.333,46.667,40,13.333,21.667,58.333,20,10,38.333,37.767,9.433,4.433,13.867,45.533,40.533,82,63,6.8,11.7,30.4
6.41,53.846,12.821,12.179,38.462,7.692,5.128,10.769,10.974,17.513,24.308,24.821,8.795,1.359,0.513,0.513,30.769,56.41,33.333,10.256,11.538,48.718,39.744,7.692,43.359,28.385,11.718,8.744,22.974,38.359,38.359,44,39,4.1,15.8,30.3
17.742,24.194,48.387,41.935,44.355,31.452,29.032,0,0.806,10.806,21.806,30.032,16.645,12.097,5.323,2.097,25.806,58.032,32.226,9.645,29.032,50,20.968,11.29,47.839,29.548,6.968,4.29,11.806,44.065,44.065,75,40,6.4,12.0,30.3
11.29,37.097,37.903,43.548,32.258,30.645,14.516,3.226,6.968,26.226,29.71,21.129,7.774,3.484,1.065,0,29.032,64.516,29.032,6.452,20.968,54.839,24.194,6.452,57.516,24.161,3.194,8.581,25.194,36.484,38.097,42,22,4.4,12.9,29.9
10.526,18.421,52.632,46.053,34.211,47.368,44.737,0,2.211,13.105,20.526,28.158,20.737,8.053,5.842,1.053,5.263,37.684,35.053,27.158,21.053,55.263,23.684,0,61.368,27.158,6.105,5.263,18.368,44.684,36.789,90,50,6.5,9.4,30
6.667,75,8.333,11.667,18.333,6.667,5,26.667,10.533,18.3,29.133,11.933,2.5,0.833,0,0,13.333,67.767,31.1,1.1,15.533,43.867,40.533,6.667,40.8,25.233,13.567,13.6,24.967,39.967,34.967,42,35,5.5,18.0,30.8
3.571,71.429,8.929,13.393,23.214,5.357,3.571,16.929,8.893,14.821,17.036,19.214,11.214,7.071,3.821,0.714,25,60.679,17.821,21.393,16.071,39.286,44.643,1.786,35.107,33.857,17.786,11.25,27.929,38.643,33.286,51,70,10.2,24.2,32.3
30.357,21.429,61.607,63.393,37.5,41.071,44.643,0,0,10.321,25.143,40,18.964,3.25,0.893,0.893,3.571,41.071,41.071,17.857,30.357,55.357,14.286,25,51.179,18.429,4.143,1.179,7.143,41.071,51.786,77,13,4.9,6.1,29.3
18,18,66,66,34,48,56,0,1.32,11.24,28.2,37.52,13.6,4.96,1.32,1.32,12,58.64,32.64,8.64,26,54,20,13.32,61.32,19.32,2,4,15.24,39.24,45.24,61,8.2,4.2,6.8,29.3
0,56.897,9.483,8.621,34.483,8.621,3.448,0,0,0,8.034,11.586,14.414,23.552,22.414,19.586,31.034,75.276,11.483,13.207,1.724,39.655,58.621,1.724,34.483,52.862,8.034,2.862,16.655,63.207,20.103,79,230,12.6,21.5,32.8
29.545,15.909,52.273,52.273,27.273,56.818,38.636,0,0,5.636,16.545,33.136,29,11.273,2.636,1.136,0,17.409,49.227,33.318,34.091,38.636,27.273,20.455,52.273,18.182,6.818,2.273,9.091,54.545,36.364,67,54,4.2,7.0,29.3
0,71.739,8.696,14.13,25,3.261,2.174,23.913,30.043,22.391,12.609,7.565,2.174,1.087,0,0,21.739,71,25.348,3.609,10.13,47.087,42.739,2.174,52.174,25.348,12.304,7.957,31.87,31.87,36.217,42,32,5.5,19.8,30.9
25.806,35.484,51.613,38.71,22.581,41.935,19.355,0,0,4.29,12.323,32.71,32.161,14.452,3.742,0,3.226,27.419,48.387,24.194,17.742,54.839,27.419,12.903,55.903,27.935,2.129,1.065,14.484,56.419,29,69,65,6.5,13.5,30.5
4.167,75,12.5,14.583,21.875,3.125,2.083,20.792,28.042,21.75,16.917,10.708,1.375,0,0,0,33.333,80.542,15.958,3.458,22.917,41.667,35.417,5.542,46.5,27.708,9.667,10.375,32.583,26.333,40.917,41,33,6.1,20.6,31.1
3.226,69.355,14.516,19.355,25.806,4.839,3.226,20.387,15.516,19.774,15.516,15.516,9.645,3.194,0,0,35.484,72.581,22.581,4.839,16.129,56.452,27.419,1.613,55.355,20.903,9.613,12.323,21.484,34.387,44.065,58,36,9.9,22.0,32.5
6.452,46.774,27.419,19.355,25.806,24.194,11.29,0,0,1.065,10.71,47.226,31.097,8.548,1.065,0,3.226,38.161,13.968,47.839,6.452,67.742,25.806,3.226,34.387,46.742,14.484,1.065,0,82.258,17.742,76,161,7.8,13.0,30.6
8,46,29,33,38,16,16,0,2.64,5.28,21.16,40.48,21.84,6.56,1.6,0,20,70,28,2,20,52,28,10,53.32,24.64,10.64,1.32,15.96,41.96,41.96,77,72,7.4,13.9,30.8
8.621,63.793,16.379,20.69,29.31,6.897,8.621,15.483,12.862,17.724,23.483,22.345,5.414,2.276,0,0,34.483,64.931,27,8.034,23.552,56.31,20.103,6.31,37.31,29.793,18.31,8,17.724,24.621,57.379,43,44,5.1,17.8,30.6
7.143,81.429,8.571,7.143,14.286,4.286,1.429,14.486,15.257,23.057,20.943,14.543,6.029,3.8,0.714,0.714,45.714,76.171,19.029,4.743,17.143,42.857,40,5.714,48.286,28.257,11.114,6.4,24.743,41.886,33.314,57,36,10.3,23.6,32.8
6.818,20.455,60.227,43.182,38.636,40.909,18.182,0,0.568,1.318,9.25,31.705,30.75,17.886,3.955,4.159,9.091,23.841,21.568,54.523,29.545,43.182,27.273,7.955,64.386,23.477,4.159,0,6.818,61.364,31.818,73,118,7.1,12.1,30.3
30,18,50,49,40,42,38,0,2,9.08,20.04,36.68,21.4,7.76,1.32,1.32,16,52.64,38.64,8.64,27.32,49.32,23.32,16,68,13.32,1.32,1.32,12,42,46,68,5.8,3.8,7.5,29
0,60.714,16.071,10.714,37.5,1.786,7.143,0,0,0,7.714,16.143,17.321,17.321,25.679,15.571,14.286,46.429,8.929,44.643,10.107,36.893,52.964,0,27.679,53.857,14.571,3.857,7.143,67.857,25,84,280,15.5,24.0,33.8
5.556,62.963,18.519,25.926,26.852,10.185,7.407,6.481,8,15.963,23.963,28,11.704,3.074,1.222,1.222,7.407,66.667,25.926,7.407,12.963,68.519,18.519,3.704,51.222,27.148,14.185,3.704,20.296,38.815,40.667,29,38,3.9,14.9,30
26.667,31.667,57.5,55.833,36.667,31.667,20,0,7.767,26.333,26.867,21.867,12.467,2.2,1.1,1.1,13.333,70.533,20.533,8.867,19.433,56.1,24.433,20,43.6,22.467,5.8,8.033,30.5,45.5,23.833,47,8,3.8,8.0,29.3
7.407,79.63,12.963,12.963,11.111,9.259,5.556,43.481,23.111,20,7.074,6.148,0,0,0,0,29.63,74.074,24.074,1.852,1.852,38.889,59.259,0,36.704,27.963,16.852,18.111,35.778,35.778,28.37,41,31,5.1,20.8,30.9
22.581,66.129,19.355,16.129,24.194,9.677,4.839,0.806,3.484,10.968,20.871,27.323,21.419,7.484,5.613,1.613,35.484,61.29,37.097,1.613,10.742,23.645,65.581,4.839,41.903,40.806,10.161,2.129,40.839,48.903,10.194,66,114,8.4,17.8,31.5
25.926,27.778,40.741,33.333,55.556,16.667,25.926,1.481,2.407,12.037,26.296,32.444,18.37,5.778,0.741,0,18.519,48.741,41.333,9.852,24.667,41.333,33.926,14.815,51.222,28.37,4.296,1.222,11.074,40.704,48.111,53,37,3.6,9.4,29.3
20.69,32.759,55.172,50,15.517,51.724,36.207,0,2,6.276,16.276,30.345,31.793,9.724,3.138,0,10.345,31.034,46.552,22.414,31.034,46.552,22.414,17.241,62.069,20.69,0,0,6.276,51.103,42.483,77,64,5.8,9.9,30
11.765,0,94.118,91.176,17.647,82.353,70.588,0,0,0,11.765,38.647,29.824,14.118,3.412,1.941,0,5.882,61.765,32.353,44.118,50,5.882,8.824,55.882,20.588,8.824,5.882,2.941,55.882,41.176,70,107,4.8,4.0,28.9
1.724,68.966,15.517,16.379,25.862,5.172,5.172,34.483,20.103,17.483,16.897,8.862,2,0,0,0,17.241,81.586,16.069,2.276,5.172,46.552,48.276,1.724,41.379,28.724,13.207,14.931,31.586,38.483,29.862,43,47,4.5,20.4,30.7
0,79.762,3.571,4.167,20.238,0,3.571,4.143,12.429,20.333,21.929,17.595,11.071,4.738,4.357,2.976,57.143,71.024,23.405,5.548,10.714,44.048,45.238,0,60.095,31.119,4.929,3.762,25.762,46,28.143,71,188,14.4,24.5,33.7
17.857,7.143,82.143,73.214,19.643,73.214,60.714,0,0,0,8.929,30.571,30.536,21,7.393,1.179,0,8.929,48.214,42.857,42.857,51.786,5.357,19.643,53.571,21.429,5.357,0,3.571,71.429,25,70,113,4.9,4.5,29
16.176,29.412,60.294,47.059,25,45.588,20.588,0,1.471,1.471,11.471,34.912,25.588,16.794,2.912,4.882,11.765,19.588,26.941,53.412,26.471,39.706,33.824,11.765,60.529,23.765,3.176,0.735,4.412,60.294,35.294,75,90,6.9,9.8,30
5.882,45.588,30.882,25.735,23.529,30.882,13.235,0,0.971,4.853,14.647,46.441,20.5,10.206,0.971,0.971,5.882,34.794,25.971,39.206,8.824,69.118,22.059,2.941,35.765,45.559,13.206,2.441,2.941,63.235,33.824,76,168,8.7,15.7,31.1
14.444,23.333,62.222,53.333,22.222,54.444,34.444,0,0,1.467,7.756,28.444,28.822,21.044,5.578,6.511,4.444,15.911,29.244,54.8,34.067,38.511,27.4,12.222,69.067,14.622,3.511,0.556,2.956,55.178,41.844,75,113,6.5,9.2,29.9
11.538,15.385,65.385,57.692,30.769,53.846,40.385,0,0,0,1.923,25.385,24.077,22.731,14.462,10.962,3.846,20.5,24.346,55.115,45.5,35.885,18.577,15.385,63.462,13.462,3.846,3.846,7.038,45.5,47.423,77,59,7,4.7,29.5
18.333,18.333,56.667,55.833,35,46.667,40,0,3.867,7.733,20.467,35.433,18.233,10.5,3.333,0,13.333,53.867,37.2,8.867,26.667,50,23.333,13.333,52.5,24.167,7.5,2.5,16.033,42.7,41.033,72,39,5.6,10.0,29.9
4.286,81.429,5,7.143,16.429,2.143,1.429,24.686,26.543,27.486,9.543,7.686,2.457,0.571,0.571,0,37.143,91.429,8.571,0,11.429,55.714,32.857,4.286,58.086,32.371,5.229,0,30.943,42.371,26.657,65,18,10.8,22.1,32.8
1.563,43.75,24.219,7.813,32.813,23.438,4.688,0,0,4.156,18.188,34.281,33.25,9.844,0,0,0,30.188,27.063,42.688,3.125,60.938,35.938,1.563,23.938,52.031,19.219,3.094,4.688,78.125,17.188,75,160,8.3,15.0,30.9
2.273,69.318,19.318,6.818,19.318,11.364,4.545,0,0.568,5.295,22.091,31.159,20.932,12.045,6.386,1.318,20.455,53.023,20.068,26.886,10.227,43.182,46.591,1.136,41.273,45.432,11.341,0.75,20.432,46.568,32.932,86,238,13.1,17.9,32.6
13.793,15.517,65.517,58.621,25.862,58.621,41.379,0,0,2.276,7.448,27.793,29.517,18.586,9.448,4.586,0,17.241,27.586,55.172,42.517,39.069,18.379,15.517,58.034,15.483,6.862,4,9.724,39.034,51.103,75,71,6.3,7.7,29.7
5.882,75,4.412,5.882,22.794,2.206,1.471,11,8.029,20.471,23.912,17.412,12.559,4,1.559,0.588,38.235,57.324,23.5,19.088,19.118,35.294,45.588,4.412,49.735,32.088,8.559,5.147,24,32.824,43.118,53,63,10.6,25.3,32.5
18.519,20.37,53.704,47.222,42.593,37.037,40.741,0,1.222,10.222,17.296,31.556,21.444,12.519,3.519,1.667,7.407,49.37,41.963,8.63,29,38.259,32.704,14.815,61.111,22.222,1.852,0,14.778,42.556,42.556,68,12.1,4.9,8.2,29.6
15.517,20.69,54.31,55.172,41.379,37.931,34.483,0,2.414,5.103,17.966,34.31,26.276,7.552,6.034,0,10.345,55.138,31,13.759,22.414,51.724,25.862,6.897,53.448,30.448,6.31,2.862,19.483,47.069,33.276,71,28,6,12.0,30.2
26.563,20.313,65.625,59.375,21.875,57.813,45.313,0,0.781,3.375,17.219,33.531,25.969,15.094,3.469,0,3.125,28.125,54.688,17.188,34.375,45.313,20.313,17.188,67.188,12.5,1.563,1.563,15.063,47.875,36.938,77,54,5.5,8.6,29.8
7.955,26.136,55.682,40.341,28.409,45.455,28.409,0,1.705,4.341,19.091,36.659,25.114,9.227,1.318,2.273,6.818,31.045,19.682,49.227,26.886,41.659,31.432,4.545,51.886,33.705,7.568,2.273,3.409,59.091,37.5,73,111,7.8,13.2,30.6
15,23.333,66.667,65,20,56.667,50,0,1.1,12.167,26.033,43.8,8.833,4.967,2.767,0,0,20,58.333,21.667,25,68.333,6.667,16.667,56.667,18.867,5.533,2.2,7.2,50.533,42.2,70,47,4.1,5.2,29.1
24.138,20.69,56.897,55.172,37.931,41.379,41.379,0,2.276,4.552,16.276,28.034,26.621,13.448,4.586,3.724,13.793,42.517,39.069,18.379,31.034,43.103,25.862,17.241,53.448,22.966,4,2.276,20.034,44.172,35.552,78,37,5.7,8.9,29.9
11.538,36.538,48.077,28.846,19.231,44.231,19.231,0,0,2.538,17.885,41.577,26.538,9.269,0.962,0.962,3.846,15.385,38.462,46.154,15.385,55.769,28.846,5.769,25,53.846,15.385,0,3.846,71.154,25,75,308,7.7,13.4,30.6
17.647,35.294,58.824,38.235,29.412,35.294,20.588,0,0,4.882,19.588,41.118,21.529,9.765,2.941,0,0,20.588,32.353,47.059,17.647,52.941,29.412,8.824,43.118,33.294,12.706,1.941,2.941,82.353,14.706,73,310,7.3,11.9,30.3
3.75,45,28.75,16.25,43.75,11.25,8.75,0,0,0,12.65,30.075,33.4,18.45,2.9,2.075,7.5,22.075,15.825,62.075,7.5,55,37.5,0.825,24.55,47.05,17.475,10,5.825,68.325,25.825,75,418,9.5,17.9,31.4
2.5,50,25,16.25,33.75,16.25,11.25,0,1.25,1.25,11.425,37.4,28.225,13.65,3.925,2.475,5,22.5,21.25,56.25,11.25,55,33.75,0,19.575,47.9,26.65,5.825,10.825,68.325,20.825,75,384,8.9,17.0,31.2
6.25,37.5,42.188,28.125,29.688,32.813,17.188,0,1.563,2.594,13,37.438,27.531,12.438,3.625,1.563,0,21.875,15.625,62.5,10.938,35.938,53.125,1.563,27.594,49.469,16.656,4.688,4.688,75,20.313,75,337,8.2,14.9,30.9
4.167,60.417,22.917,27.083,31.25,8.333,6.25,16.667,24.25,20.083,23.875,10.042,3.792,1.042,0,0,12.5,71.5,23.583,4.833,8.333,62.5,29.167,2.083,59,16.625,12.458,9.708,31.875,31.875,36.042,36,22,5.2,14.9,30.4
14.286,50,35.714,27.143,20,30,8.571,0,0,2.371,9.029,38.514,33.257,12.314,4.257,0,17.143,32.857,30,37.143,20,50,30,11.429,37.6,39.029,11.886,0,8.571,57.143,34.286,67,101,7.2,14.9,30.8
